"","race_cat","hb_rel_risk","lcr_rel_risk","pfas_rel_risk","dbp_rel_risk","tcr_rel_risk","ars_rel_risk","nitrate_rel_risk","boundary"
"1","amer_ind",3.07564472670988,0.58829713011725,0.789296774957491,0.993046625890183,0.768185985527055,2.32400224131811,0.991950075946331,"usgs"
"2","asian",0.600916435686339,1.48279271363058,1.32958266846624,1.02934798357354,1.53548688515612,1.06456210712479,1.30935982798457,"usgs"
"3","black",1.20191041615384,1.10359103475279,1.30735179949008,1.14536956302146,1.41136442341191,0.560350614955645,0.802284652179872,"usgs"
"4","hisp",1.01006480145111,0.962529626784497,2.24629960153422,0.985747804636093,1.06906098869748,1.71870787432674,1.26010597866039,"usgs"
"5","pac_isl",0.63915567035155,0.895306670907699,0.804683737829445,0.916967870990745,1.14644582317239,1.93502289454868,1.31192813237085,"usgs"
"6","poc_risk",1.03979461570901,1.08852454039625,1.69419857401473,1.04741776646196,1.25096141820238,1.21424260719841,1.10060905688074,"usgs"
"7","lowinc",1.23775850933958,0.971281549764442,1.03476329705565,1.02091196180286,1.05378598670397,1.08586243094626,0.975396747315142,"usgs"
