"","race_cat","hb_rel_risk","lcr_rel_risk","pfas_rel_risk","dbp_rel_risk","tcr_rel_risk","ars_rel_risk","nitrate_rel_risk","boundary"
"1","amer_ind",3.29173921165372,0.544673716850307,1.07601737023519,0.899405221859687,0.757839224273273,2.43352743095248,0.974474086220807,"hm"
"2","asian",0.610186145434064,1.55486761239375,1.40294625432623,0.978325097792706,1.77467822674331,1.18128260860767,1.61082006763061,"hm"
"3","black",1.16674409035378,1.23540396434982,1.29580549185256,1.10933174439778,1.53696006833595,0.666522523523934,0.773094486344735,"hm"
"4","hisp",1.10743727613157,0.971868289450418,1.94566953891179,0.946257436281006,1.08435169082712,1.87140134083378,1.51467207474186,"hm"
"5","pac_isl",0.44700349274352,0.808407199219,0.788433037959725,0.697656683654034,2.49907708088456,1.43454290872771,1.39797832427049,"hm"
"6","poc_risk",1.08402279525694,1.13884073968195,1.59010796493758,1.00347092228627,1.34440186061356,1.36207392071571,1.26549467054008,"hm"
"7","lowinc",1.28600365269082,0.961811921044828,1.03272598967452,1.01505338375686,1.03524383809372,1.10540627417562,0.987739960119679,"hm"
