"","race_cat","hb_rel_risk","lcr_rel_risk","pfas_rel_risk","dbp_rel_risk","tcr_rel_risk","ars_rel_risk","nitrate_rel_risk","boundary"
"1","amer_ind",2.59859451924366,0.555571791235801,0.961097207303896,0.93784922702303,0.712985456586544,2.29818014373302,1.00484217761151,"zc"
"2","asian",0.672029730873969,1.524113798486,1.34705449904673,0.948980383981049,1.67344443980655,1.22900323608009,1.64447193897746,"zc"
"3","black",1.09839644743696,1.19225983759154,1.28213293360336,1.08717525984603,1.48858681797919,0.692612852858272,0.786074019163735,"zc"
"4","hisp",1.08668596023504,0.982588905454292,1.87020207019995,0.924046728512742,1.04694881607445,1.89760293029465,1.5166856508034,"zc"
"5","pac_isl",0.451575642489815,0.687244158124062,0.841231270992414,0.679823100987295,2.40772004112104,1.55207486346734,1.42416319101369,"zc"
"6","poc_risk",1.03737730875362,1.13042053784619,1.54194654494091,0.980283435895462,1.29993300464047,1.3898931005231,1.28392497752674,"zc"
"7","lowinc",1.19424751298292,0.987782809746414,1.03311826719951,1.01347588952639,1.03322309155431,1.11082765938782,0.989653306241938,"zc"
