"","race_cat","hb_rel_risk","lcr_rel_risk","pfas_rel_risk","dbp_rel_risk","tcr_rel_risk","ars_rel_risk","nitrate_rel_risk","boundary"
"1","amer_ind",2.55582655991069,0.621693335977509,1.0008560318012,0.959517764463488,0.835663671277625,1.67144720730764,0.991426501046462,"county"
"2","asian",0.678988338891103,2.08853225429746,1.15308271293385,1.01876691666874,2.15766801100188,1.15148198221053,1.46555111741238,"county"
"3","black",1.0691419375091,1.18356895194746,1.40131122988241,1.07789665649053,1.4908743860433,0.698029831705793,0.79414060884774,"county"
"4","hisp",0.968108636456549,1.02702170366905,2.24650626599357,0.945500657103839,1.04511727734049,1.85906061907894,1.44035103745809,"county"
"5","pac_isl",0.500871801326557,0.855050315239008,0.744636280925802,0.682907496040893,2.63695905116641,1.45424160728162,1.35892881908848,"county"
"6","poc_risk",0.98153943226571,1.241635427043,1.72480480708252,0.999018162313384,1.3707593736259,1.35471781633308,1.22199732674225,"county"
"7","lowinc",1.15697843876811,0.9064996514472,1.09149916770142,1.00495446116753,0.981983113948727,1.10300122983883,0.995186367956479,"county"
