"","race_cat","hb_rel_risk","lcr_rel_risk","pfas_rel_risk","dbp_rel_risk","tcr_rel_risk","ars_rel_risk","nitrate_rel_risk","boundary"
"1","amer_ind",3.16319071947057,0.655021112576182,1.06456617092617,0.932656550472236,0.77064272033591,2.04105791565204,1.00948602153303,"epic"
"2","asian",0.599645372235532,1.73233985501357,1.38088224752371,0.979234914764419,1.82637453791477,1.18253918954738,1.59244003072579,"epic"
"3","black",1.1603499427348,1.32228395050752,1.08467385977859,1.07864929368016,1.60795020221138,0.626945701993607,0.750398416505093,"epic"
"4","hisp",1.09613565141225,1.08777190711903,2.04534989635349,0.934398559573705,1.08453917163961,1.79975405308162,1.47360812171,"epic"
"5","pac_isl",0.413562344876883,0.799990936938684,0.800285898298489,0.65505479397284,2.87742992963157,1.3049988489078,1.40441481453835,"epic"
"6","poc_risk",1.07227411316847,1.25395799212216,1.55696177622551,0.989925509622947,1.38723384293344,1.29498669941572,1.22925302622974,"epic"
"7","lowinc",1.26992153767686,1.00625263950499,0.970691251155007,1.01393986382182,1.05919706222278,1.05525306161164,0.966411519858663,"epic"
